{"cameraMode":{"drawMode":0,"name":"Shaded","section":"Shading Mode"},"sceneLighting":false,"audioPlay":false,"sceneViewState":{"showFog":true,"showMaterialUpdate":false,"showSkybox":false,"showFlares":true,"showImageEffects":true,"showParticleSystems":true},"in2DMode":false,"pivot":{"x":-2.429612159729004,"y":707.8963623046875,"z":-9.2140531539917},"rotation":{"x":-0.09940634667873383,"y":0.7151181697845459,"z":-0.10392094403505326,"w":-0.6840537190437317},"size":12.429100036621094,"orthographic":false}