{"cameraMode":{"drawMode":0,"name":"Shaded","section":"Shading Mode"},"sceneLighting":true,"audioPlay":false,"sceneViewState":{"showFog":true,"showMaterialUpdate":false,"showSkybox":true,"showFlares":true,"showImageEffects":true,"showParticleSystems":true},"in2DMode":false,"pivot":{"x":-1.856527328491211,"y":9.57193660736084,"z":-5.520944118499756},"rotation":{"x":-0.09436746686697006,"y":0.706535279750824,"z":-0.09596575051546097,"w":-0.6947658061981201},"size":34.23398208618164,"orthographic":false}