{"cameraMode":{"drawMode":0,"name":"Shaded","section":"Shading Mode"},"sceneLighting":true,"audioPlay":false,"sceneViewState":{"showFog":true,"showMaterialUpdate":false,"showSkybox":true,"showFlares":true,"showImageEffects":true,"showParticleSystems":true},"in2DMode":false,"pivot":{"x":-1.4079275131225587,"y":5.102192401885986,"z":-5.300772666931152},"rotation":{"x":-0.0851367935538292,"y":0.6889663338661194,"z":-0.08202674239873886,"w":-0.7150872945785523},"size":16.397830963134767,"orthographic":false}