{"cameraMode":{"drawMode":0,"name":"Shaded","section":"Shading Mode"},"sceneLighting":false,"audioPlay":false,"sceneViewState":{"showFog":true,"showMaterialUpdate":false,"showSkybox":false,"showFlares":true,"showImageEffects":true,"showParticleSystems":true},"in2DMode":false,"pivot":{"x":0.0,"y":0.17000001668930055,"z":0.49900001287460329},"rotation":{"x":-0.14500710368156434,"y":0.6848829984664917,"z":-0.14190831780433656,"w":-0.6998399496078491},"size":3.5130391120910646,"orthographic":false}