{"cameraMode":{"drawMode":0,"name":"Shaded","section":"Shading Mode"},"sceneLighting":true,"audioPlay":false,"sceneViewState":{"showFog":true,"showMaterialUpdate":false,"showSkybox":true,"showFlares":true,"showImageEffects":true,"showParticleSystems":true},"in2DMode":false,"pivot":{"x":-0.9525185823440552,"y":4.544772148132324,"z":50.30896759033203},"rotation":{"x":-0.12600113451480866,"y":0.6933643221855164,"z":-0.12509682774543763,"w":-0.6983771324157715},"size":23.686067581176759,"orthographic":false}